SUMLEV,STATE,COUNTY,STNAME,CTYNAME,YEAR,AGEGRP,TOT_POP,TOT_MALE,TOT_FEMALE,WA_MALE,WA_FEMALE,BA_MALE,BA_FEMALE,IA_MALE,IA_FEMALE,AA_MALE,AA_FEMALE,NA_MALE,NA_FEMALE,TOM_MALE,TOM_FEMALE,WAC_MALE,WAC_FEMALE,BAC_MALE,BAC_FEMALE,IAC_MALE,IAC_FEMALE,AAC_MALE,AAC_FEMALE,NAC_MALE,NAC_FEMALE,NH_MALE,NH_FEMALE,NHWA_MALE,NHWA_FEMALE,NHBA_MALE,NHBA_FEMALE,NHIA_MALE,NHIA_FEMALE,NHAA_MALE,NHAA_FEMALE,NHNA_MALE,NHNA_FEMALE,NHTOM_MALE,NHTOM_FEMALE,NHWAC_MALE,NHWAC_FEMALE,NHBAC_MALE,NHBAC_FEMALE,NHIAC_MALE,NHIAC_FEMALE,NHAAC_MALE,NHAAC_FEMALE,NHNAC_MALE,NHNAC_FEMALE,H_MALE,H_FEMALE,HWA_MALE,HWA_FEMALE,HBA_MALE,HBA_FEMALE,HIA_MALE,HIA_FEMALE,HAA_MALE,HAA_FEMALE,HNA_MALE,HNA_FEMALE,HTOM_MALE,HTOM_FEMALE,HWAC_MALE,HWAC_FEMALE,HBAC_MALE,HBAC_FEMALE,HIAC_MALE,HIAC_FEMALE,HAAC_MALE,HAAC_FEMALE,HNAC_MALE,HNAC_FEMALE
050,11,001,District of Columbia,District of Columbia,1,0,601723,284222,317501,125404,125861,141181,169198,1668,1596,9124,12581,409,361,6436,7904,130303,131836,145042,174135,3832,4252,11643,15726,775,739,255964,291010,104155,106234,137017,165034,634,708,8846,12305,105,115,5207,6614,108024,111132,140093,169134,2203,2744,11109,15138,394,429,28258,26491,21249,19627,4164,4164,1034,888,278,276,304,246,1229,1290,22279,20704,4949,5001,1629,1508,534,588,381,310
050,11,001,District of Columbia,District of Columbia,1,1,32613,16533,16080,5575,5412,9617,9361,114,120,364,314,21,32,842,841,6289,6128,10076,9834,254,279,802,739,43,57,14265,13863,4003,3879,9199,8967,22,25,337,293,2,7,702,692,4600,4469,9570,9349,108,129,736,663,18,27,2268,2217,1572,1533,418,394,92,95,27,21,19,25,140,149,1689,1659,506,485,146,150,66,76,25,30
050,11,001,District of Columbia,District of Columbia,1,2,26147,13198,12949,3642,3454,8710,8634,82,97,219,275,43,21,502,468,4041,3830,9065,8943,198,220,413,459,55,37,11525,11339,2515,2338,8375,8348,18,20,207,258,2,4,408,371,2832,2627,8659,8593,92,102,384,419,14,15,1673,1610,1127,1116,335,286,64,77,12,17,41,17,94,97,1209,1203,406,350,106,118,29,40,41,22
050,11,001,District of Columbia,District of Columbia,1,3,25041,12641,12400,2590,2453,9452,9274,83,75,167,218,19,17,330,363,2840,2726,9693,9544,173,187,281,348,32,24,11278,11166,1659,1613,9160,9025,25,36,159,204,0,3,275,285,1861,1816,9355,9239,96,110,267,313,10,7,1363,1234,931,840,292,249,58,39,8,14,19,14,55,78,979,910,338,305,77,77,14,35,22,17
050,11,001,District of Columbia,District of Columbia,1,4,39919,18951,20968,5866,6768,11956,12770,108,113,503,686,29,17,489,614,6239,7207,12284,13191,248,314,700,945,67,46,17161,19157,4593,5498,11637,12414,33,54,480,664,9,6,409,521,4900,5867,11913,12769,146,210,654,904,39,28,1790,1811,1273,1270,319,356,75,59,23,22,20,11,80,93,1339,1340,371,422,102,104,46,41,28,18
050,11,001,District of Columbia,District of Columbia,1,5,64110,28801,35309,15376,18944,11111,13194,211,137,1343,1951,54,36,706,1047,15925,19779,11503,13777,427,407,1670,2454,104,82,25581,32415,12936,16746,10706,12787,65,56,1306,1910,20,16,548,900,13351,17465,11003,13267,204,252,1594,2384,55,55,3220,2894,2440,2198,405,407,146,81,37,41,34,20,158,147,2574,2314,500,510,223,155,76,70,49,27
050,11,001,District of Columbia,District of Columbia,1,6,69649,32167,37482,19868,21989,9665,11859,205,185,1553,2320,65,50,811,1079,20537,22910,10054,12383,437,461,1921,2834,118,95,28385,34071,16896,19363,9240,11428,69,62,1511,2286,24,18,645,914,17427,20140,9518,11858,218,256,1849,2761,68,57,3782,3411,2972,2626,425,431,136,123,42,34,41,32,166,165,3110,2770,536,525,219,205,72,73,50,38
050,11,001,District of Columbia,District of Columbia,1,7,55096,26617,28479,15598,14977,8712,10573,167,132,1423,1930,42,50,675,817,16159,15645,9048,10989,378,346,1711,2321,77,98,23200,25586,12915,12752,8311,10197,55,53,1391,1899,8,18,520,667,13343,13284,8551,10527,185,199,1648,2255,33,60,3417,2893,2683,2225,401,376,112,79,32,31,34,32,155,150,2816,2361,497,462,193,147,63,66,44,38
050,11,001,District of Columbia,District of Columbia,1,8,42925,21447,21478,11435,9580,8317,9929,131,130,1051,1275,38,20,475,544,11793,9992,8593,10251,308,301,1222,1500,72,51,18704,19210,9272,7834,7993,9641,29,42,1024,1249,9,3,377,441,9548,8161,8208,9900,152,159,1179,1447,38,26,2743,2268,2163,1746,324,288,102,88,27,26,29,17,98,103,2245,1831,385,351,156,142,43,53,34,25
050,11,001,District of Columbia,District of Columbia,1,9,37734,19136,18598,9067,7001,8985,10302,113,110,599,750,29,31,343,404,9325,7296,9177,10588,256,275,711,865,58,59,16975,16902,7387,5752,8691,10031,42,48,583,733,8,11,264,327,7575,5983,8838,10261,143,174,682,835,30,33,2161,1696,1680,1249,294,271,71,62,16,17,21,20,79,77,1750,1313,339,327,113,101,29,30,28,26
050,11,001,District of Columbia,District of Columbia,1,10,38539,19534,19005,7730,5766,10887,12186,119,109,427,561,25,26,346,357,7962,5981,11119,12449,302,297,521,659,41,51,17779,17467,6385,4599,10653,11943,59,56,408,550,4,6,270,313,6556,4781,10837,12178,196,218,488,639,17,28,1755,1538,1345,1167,234,243,60,53,19,11,21,20,76,44,1406,1200,282,271,106,79,33,20,24,23
050,11,001,District of Columbia,District of Columbia,1,11,37164,18114,19050,6359,5514,11012,12593,92,98,368,506,13,17,270,322,6533,5718,11199,12831,234,256,437,603,30,39,16723,17775,5314,4556,10784,12393,50,56,351,496,5,6,219,268,5449,4721,10940,12592,167,183,407,578,17,26,1391,1275,1045,958,228,200,42,42,17,10,8,11,51,54,1084,997,259,239,67,73,30,25,13,13
050,11,001,District of Columbia,District of Columbia,1,12,34274,15994,18280,5909,5747,9462,11652,77,82,314,489,9,16,223,294,6021,5912,9626,11893,202,251,367,547,29,28,15073,17227,5196,4984,9309,11463,53,48,307,474,5,6,203,252,5291,5114,9465,11674,166,194,355,524,25,14,921,1053,713,763,153,189,24,34,7,15,4,10,20,42,730,798,161,219,36,57,12,23,4,14
050,11,001,District of Columbia,District of Columbia,1,13,29703,13398,16305,5468,5884,7447,9639,59,68,266,450,11,8,147,256,5546,6038,7553,9832,145,216,303,504,19,24,12687,15456,4927,5273,7326,9473,38,39,261,444,4,2,131,225,4994,5402,7421,9644,116,176,295,491,11,17,711,849,541,611,121,166,21,29,5,6,7,6,16,31,552,636,132,188,29,40,8,13,8,7
050,11,001,District of Columbia,District of Columbia,1,14,21488,9605,11883,4106,4253,5146,7124,55,43,173,286,9,17,116,160,4175,4350,5230,7257,128,147,194,313,16,22,9165,11282,3799,3799,5060,7028,37,31,171,277,3,8,95,139,3852,3879,5129,7146,96,126,190,299,9,12,440,601,307,454,86,96,18,12,2,9,6,9,21,21,323,471,101,111,32,21,4,14,7,10
050,11,001,District of Columbia,District of Columbia,1,15,15481,6671,8810,2506,2523,3951,5903,24,37,133,219,0,3,57,125,2541,2602,3992,5996,57,110,149,243,4,12,6394,8357,2308,2185,3895,5821,15,30,129,218,0,1,47,102,2335,2245,3932,5901,40,89,144,239,3,10,277,453,198,338,56,82,9,7,4,1,0,2,10,23,206,357,60,95,17,21,5,4,1,2
050,11,001,District of Columbia,District of Columbia,1,16,11820,4782,7038,1751,1740,2886,5061,14,23,92,143,1,0,38,71,1779,1783,2914,5118,36,68,101,159,3,3,4631,6760,1632,1522,2858,5010,12,20,92,143,1,0,36,65,1658,1563,2886,5062,34,61,101,157,1,3,151,278,119,218,28,51,2,3,0,0,0,0,2,6,121,220,28,56,2,7,0,2,2,0
050,11,001,District of Columbia,District of Columbia,1,17,9705,3516,6189,1263,1615,2141,4395,7,15,68,96,1,0,36,68,1287,1651,2171,4453,25,55,72,107,3,4,3402,5959,1185,1445,2111,4345,5,11,68,95,1,0,32,63,1207,1476,2138,4399,21,48,71,105,3,4,114,230,78,170,30,50,2,4,0,1,0,0,4,5,80,175,33,54,4,7,1,2,0,0
050,11,001,District of Columbia,District of Columbia,1,18,10315,3117,7198,1295,2241,1724,4749,7,22,61,112,0,0,30,74,1311,2288,1745,4806,24,62,68,126,4,7,3036,7018,1233,2096,1709,4720,7,21,61,112,0,0,26,69,1245,2139,1730,4775,23,58,65,125,3,7,81,180,62,145,15,29,0,1,0,0,0,0,4,5,66,149,15,31,1,4,3,1,1,0
050,11,001,District of Columbia,District of Columbia,2,0,601767,284243,317524,125418,125874,141188,169206,1668,1596,9124,12582,409,361,6436,7905,130317,131850,145049,174143,3832,4252,11643,15728,775,739,255975,291024,104159,106238,137024,165042,634,708,8846,12306,105,115,5207,6615,108028,111137,140100,169142,2203,2744,11109,15140,394,429,28268,26500,21259,19636,4164,4164,1034,888,278,276,304,246,1229,1290,22289,20713,4949,5001,1629,1508,534,588,381,310
050,11,001,District of Columbia,District of Columbia,2,1,32614,16533,16081,5575,5413,9617,9361,114,120,364,314,21,32,842,841,6289,6129,10076,9834,254,279,802,739,43,57,14265,13863,4003,3879,9199,8967,22,25,337,293,2,7,702,692,4600,4469,9570,9349,108,129,736,663,18,27,2268,2218,1572,1534,418,394,92,95,27,21,19,25,140,149,1689,1660,506,485,146,150,66,76,25,30
050,11,001,District of Columbia,District of Columbia,2,2,26148,13199,12949,3643,3454,8710,8634,82,97,219,275,43,21,502,468,4042,3830,9065,8943,198,220,413,459,55,37,11525,11339,2515,2338,8375,8348,18,20,207,258,2,4,408,371,2832,2627,8659,8593,92,102,384,419,14,15,1674,1610,1128,1116,335,286,64,77,12,17,41,17,94,97,1210,1203,406,350,106,118,29,40,41,22
050,11,001,District of Columbia,District of Columbia,2,3,25043,12643,12400,2592,2453,9452,9274,83,75,167,218,19,17,330,363,2842,2726,9693,9544,173,187,281,348,32,24,11278,11166,1659,1613,9160,9025,25,36,159,204,0,3,275,285,1861,1816,9355,9239,96,110,267,313,10,7,1365,1234,933,840,292,249,58,39,8,14,19,14,55,78,981,910,338,305,77,77,14,35,22,17
050,11,001,District of Columbia,District of Columbia,2,4,39925,18954,20971,5867,6771,11958,12770,108,113,503,686,29,17,489,614,6240,7210,12286,13191,248,314,700,945,67,46,17163,19158,4593,5499,11639,12414,33,54,480,664,9,6,409,521,4900,5868,11915,12769,146,210,654,904,39,28,1791,1813,1274,1272,319,356,75,59,23,22,20,11,80,93,1340,1342,371,422,102,104,46,41,28,18
050,11,001,District of Columbia,District of Columbia,2,5,64118,28806,35312,15379,18944,11113,13196,211,137,1343,1951,54,36,706,1048,15928,19780,11505,13779,427,407,1670,2455,104,82,25584,32418,12937,16746,10708,12789,65,56,1306,1910,20,16,548,901,13352,17466,11005,13269,204,252,1594,2385,55,55,3222,2894,2442,2198,405,407,146,81,37,41,34,20,158,147,2576,2314,500,510,223,155,76,70,49,27
050,11,001,District of Columbia,District of Columbia,2,6,69655,32169,37486,19869,21993,9666,11859,205,185,1553,2320,65,50,811,1079,20538,22914,10055,12383,437,461,1921,2834,118,95,28387,34074,16897,19366,9241,11428,69,62,1511,2286,24,18,645,914,17428,20143,9519,11858,218,256,1849,2761,68,57,3782,3412,2972,2627,425,431,136,123,42,34,41,32,166,165,3110,2771,536,525,219,205,72,73,50,38
050,11,001,District of Columbia,District of Columbia,2,7,55099,26618,28481,15599,14977,8712,10574,167,132,1423,1931,42,50,675,817,16160,15645,9048,10990,378,346,1711,2322,77,98,23200,25588,12915,12752,8311,10198,55,53,1391,1900,8,18,520,667,13343,13284,8551,10528,185,199,1648,2256,33,60,3418,2893,2684,2225,401,376,112,79,32,31,34,32,155,150,2817,2361,497,462,193,147,63,66,44,38
050,11,001,District of Columbia,District of Columbia,2,8,42932,21450,21482,11437,9583,8318,9930,131,130,1051,1275,38,20,475,544,11795,9995,8594,10252,308,301,1222,1500,72,51,18706,19211,9273,7834,7994,9642,29,42,1024,1249,9,3,377,441,9549,8161,8209,9901,152,159,1179,1447,38,26,2744,2271,2164,1749,324,288,102,88,27,26,29,17,98,103,2246,1834,385,351,156,142,43,53,34,25
050,11,001,District of Columbia,District of Columbia,2,9,37737,19138,18599,9068,7001,8986,10303,113,110,599,750,29,31,343,404,9326,7296,9178,10589,256,275,711,865,58,59,16976,16903,7387,5752,8692,10032,42,48,583,733,8,11,264,327,7575,5983,8839,10262,143,174,682,835,30,33,2162,1696,1681,1249,294,271,71,62,16,17,21,20,79,77,1751,1313,339,327,113,101,29,30,28,26
050,11,001,District of Columbia,District of Columbia,2,10,38541,19535,19006,7731,5767,10887,12186,119,109,427,561,25,26,346,357,7963,5982,11119,12449,302,297,521,659,41,51,17780,17467,6386,4599,10653,11943,59,56,408,550,4,6,270,313,6557,4781,10837,12178,196,218,488,639,17,28,1755,1539,1345,1168,234,243,60,53,19,11,21,20,76,44,1406,1201,282,271,106,79,33,20,24,23
050,11,001,District of Columbia,District of Columbia,2,11,37165,18114,19051,6359,5515,11012,12593,92,98,368,506,13,17,270,322,6533,5719,11199,12831,234,256,437,603,30,39,16723,17775,5314,4556,10784,12393,50,56,351,496,5,6,219,268,5449,4721,10940,12592,167,183,407,578,17,26,1391,1276,1045,959,228,200,42,42,17,10,8,11,51,54,1084,998,259,239,67,73,30,25,13,13
050,11,001,District of Columbia,District of Columbia,2,12,34275,15994,18281,5909,5747,9462,11653,77,82,314,489,9,16,223,294,6021,5912,9626,11894,202,251,367,547,29,28,15073,17228,5196,4984,9309,11464,53,48,307,474,5,6,203,252,5291,5114,9465,11675,166,194,355,524,25,14,921,1053,713,763,153,189,24,34,7,15,4,10,20,42,730,798,161,219,36,57,12,23,4,14
050,11,001,District of Columbia,District of Columbia,2,13,29705,13398,16307,5468,5884,7447,9641,59,68,266,450,11,8,147,256,5546,6038,7553,9834,145,216,303,504,19,24,12687,15458,4927,5273,7326,9475,38,39,261,444,4,2,131,225,4994,5402,7421,9646,116,176,295,491,11,17,711,849,541,611,121,166,21,29,5,6,7,6,16,31,552,636,132,188,29,40,8,13,8,7
050,11,001,District of Columbia,District of Columbia,2,14,21488,9605,11883,4106,4253,5146,7124,55,43,173,286,9,17,116,160,4175,4350,5230,7257,128,147,194,313,16,22,9165,11282,3799,3799,5060,7028,37,31,171,277,3,8,95,139,3852,3879,5129,7146,96,126,190,299,9,12,440,601,307,454,86,96,18,12,2,9,6,9,21,21,323,471,101,111,32,21,4,14,7,10
050,11,001,District of Columbia,District of Columbia,2,15,15481,6671,8810,2506,2523,3951,5903,24,37,133,219,0,3,57,125,2541,2602,3992,5996,57,110,149,243,4,12,6394,8357,2308,2185,3895,5821,15,30,129,218,0,1,47,102,2335,2245,3932,5901,40,89,144,239,3,10,277,453,198,338,56,82,9,7,4,1,0,2,10,23,206,357,60,95,17,21,5,4,1,2
050,11,001,District of Columbia,District of Columbia,2,16,11820,4782,7038,1751,1740,2886,5061,14,23,92,143,1,0,38,71,1779,1783,2914,5118,36,68,101,159,3,3,4631,6760,1632,1522,2858,5010,12,20,92,143,1,0,36,65,1658,1563,2886,5062,34,61,101,157,1,3,151,278,119,218,28,51,2,3,0,0,0,0,2,6,121,220,28,56,2,7,0,2,2,0
050,11,001,District of Columbia,District of Columbia,2,17,9706,3517,6189,1264,1615,2141,4395,7,15,68,96,1,0,36,68,1288,1651,2171,4453,25,55,72,107,3,4,3402,5959,1185,1445,2111,4345,5,11,68,95,1,0,32,63,1207,1476,2138,4399,21,48,71,105,3,4,115,230,79,170,30,50,2,4,0,1,0,0,4,5,81,175,33,54,4,7,1,2,0,0
050,11,001,District of Columbia,District of Columbia,2,18,10315,3117,7198,1295,2241,1724,4749,7,22,61,112,0,0,30,74,1311,2288,1745,4806,24,62,68,126,4,7,3036,7018,1233,2096,1709,4720,7,21,61,112,0,0,26,69,1245,2139,1730,4775,23,58,65,125,3,7,81,180,62,145,15,29,0,1,0,0,0,0,4,5,66,149,15,31,1,4,3,1,1,0
050,11,001,District of Columbia,District of Columbia,3,0,605126,285882,319244,126527,127048,141500,169487,1678,1608,9243,12727,424,374,6510,8000,131472,133118,145380,174469,3863,4263,11814,15934,806,759,257082,292164,104915,107001,137233,165242,636,714,8933,12416,116,120,5249,6671,108814,111961,140314,169364,2205,2743,11237,15301,414,434,28800,27080,21612,20047,4267,4245,1042,894,310,311,308,254,1261,1329,22658,21157,5066,5105,1658,1520,577,633,392,325
050,11,001,District of Columbia,District of Columbia,3,1,33294,16859,16435,5696,5528,9753,9533,111,115,398,352,29,37,872,870,6432,6268,10230,10024,263,281,846,792,52,63,14469,14072,4106,3946,9278,9090,23,24,346,304,3,8,713,700,4712,4543,9656,9476,112,128,749,680,19,28,2390,2363,1590,1582,475,443,88,91,52,48,26,29,159,170,1720,1725,574,548,151,153,97,112,33,35
050,11,001,District of Columbia,District of Columbia,3,2,26159,13203,12956,3686,3505,8660,8588,85,98,221,267,42,22,509,476,4087,3886,9020,8904,206,222,418,452,54,38,11507,11321,2542,2366,8324,8301,18,22,207,250,2,4,414,378,2860,2660,8613,8552,96,105,387,414,14,15,1696,1635,1144,1139,336,287,67,76,14,17,40,18,95,98,1227,1226,407,352,110,117,31,38,40,23
050,11,001,District of Columbia,District of Columbia,3,3,24926,12601,12325,2620,2488,9378,9158,79,75,171,219,24,18,329,367,2869,2765,9618,9431,170,188,285,350,37,25,11221,11063,1671,1628,9088,8906,21,35,164,204,3,4,274,286,1872,1832,9282,9121,92,110,272,313,13,8,1380,1262,949,860,290,252,58,40,7,15,21,14,55,81,997,933,336,310,78,78,13,37,24,17
050,11,001,District of Columbia,District of Columbia,3,4,39797,18921,20876,5901,6772,11889,12672,103,111,508,697,28,18,492,606,6287,7224,12199,13072,229,294,725,968,70,47,17137,19048,4635,5486,11564,12315,32,50,486,675,8,7,412,515,4956,5869,11826,12652,132,191,677,927,40,27,1784,1828,1266,1286,325,357,71,61,22,22,20,11,80,91,1331,1355,373,420,97,103,48,41,30,20
050,11,001,District of Columbia,District of Columbia,3,5,63413,28508,34905,14988,18473,11239,13294,215,141,1312,1926,51,36,703,1035,15534,19303,11624,13871,430,401,1645,2429,107,82,25291,32006,12552,16266,10831,12888,67,61,1275,1885,21,17,545,889,12967,16981,11121,13363,203,249,1570,2358,60,53,3217,2899,2436,2207,408,406,148,80,37,41,30,19,158,146,2567,2322,503,508,227,152,75,71,47,29
050,11,001,District of Columbia,District of Columbia,3,6,70570,32567,38003,20171,22428,9741,11904,210,185,1566,2335,64,53,815,1098,20845,23363,10134,12442,445,466,1931,2856,118,100,28711,34501,17145,19724,9313,11471,68,64,1522,2299,23,18,640,925,17674,20508,9589,11910,215,261,1857,2780,66,58,3856,3502,3026,2704,428,433,142,121,44,36,41,35,175,173,3171,2855,545,532,230,205,74,76,52,42
050,11,001,District of Columbia,District of Columbia,3,7,56204,27115,29089,15967,15386,8812,10680,173,138,1437,1989,44,48,682,848,16535,16078,9152,11115,386,363,1727,2390,79,97,23588,26119,13190,13109,8396,10290,59,51,1403,1957,11,17,529,695,13627,13662,8643,10637,192,207,1662,2323,35,60,3527,2970,2777,2277,416,390,114,87,34,32,33,31,153,153,2908,2416,509,478,194,156,65,67,44,37
050,11,001,District of Columbia,District of Columbia,3,8,43228,21546,21682,11541,9777,8261,9916,132,129,1079,1294,40,21,493,545,11913,10188,8548,10240,313,299,1257,1520,77,53,18764,19346,9344,7968,7936,9623,31,41,1054,1268,10,4,389,442,9628,8294,8157,9883,155,158,1216,1467,42,28,2782,2336,2197,1809,325,293,101,88,25,26,30,17,104,103,2285,1894,391,357,158,141,41,53,35,25
050,11,001,District of Columbia,District of Columbia,3,9,38033,19294,18739,9217,7131,8964,10290,113,110,622,765,30,30,348,413,9474,7435,9159,10578,257,276,737,884,62,60,17072,17012,7485,5853,8664,10020,42,48,603,747,9,10,269,334,7674,6092,8814,10250,145,176,705,853,32,32,2222,1727,1732,1278,300,270,71,62,19,18,21,20,79,79,1800,1343,345,328,112,100,32,31,30,28
050,11,001,District of Columbia,District of Columbia,3,10,38615,19555,19060,7808,5846,10824,12145,120,112,437,567,25,26,341,364,8034,6067,11055,12413,301,303,531,665,39,50,17778,17494,6444,4657,10587,11900,58,57,418,556,5,6,266,318,6610,4843,10770,12139,194,221,497,646,17,28,1777,1566,1364,1189,237,245,62,55,19,11,20,20,75,46,1424,1224,285,274,107,82,34,19,22,22
050,11,001,District of Columbia,District of Columbia,3,11,37273,18223,19050,6427,5501,11038,12602,93,98,374,506,15,18,276,325,6603,5707,11229,12839,239,255,446,606,31,41,16811,17765,5362,4534,10811,12400,51,57,356,496,6,6,225,272,5499,4701,10972,12599,169,183,415,582,18,28,1412,1285,1065,967,227,202,42,41,18,10,9,12,51,53,1104,1006,257,240,70,72,31,24,13,13
050,11,001,District of Columbia,District of Columbia,3,12,34490,16102,18388,5936,5786,9548,11715,78,85,309,495,10,17,221,290,6047,5950,9706,11949,201,250,366,557,29,29,15152,17310,5208,5001,9384,11526,52,49,302,479,6,7,200,248,5302,5131,9534,11731,163,190,352,532,25,15,950,1078,728,785,164,189,26,36,7,16,4,10,21,42,745,819,172,218,38,60,14,25,4,14
050,11,001,District of Columbia,District of Columbia,3,13,30055,13568,16487,5538,5915,7532,9778,60,69,278,452,11,8,149,265,5612,6075,7638,9979,153,220,314,509,20,24,12845,15625,4980,5292,7414,9614,40,40,273,445,4,2,134,232,5046,5425,7511,9792,124,180,305,494,12,17,723,862,558,623,118,164,20,29,5,7,7,6,15,33,566,650,127,187,29,40,9,15,8,7
050,11,001,District of Columbia,District of Columbia,3,14,21594,9642,11952,4138,4312,5155,7125,52,46,173,288,9,19,115,162,4207,4409,5239,7259,123,153,191,316,16,25,9198,11339,3825,3853,5068,7026,36,32,171,278,3,9,95,141,3878,3933,5137,7146,94,129,188,301,9,14,444,613,313,459,87,99,16,14,2,10,6,10,20,21,329,476,102,113,29,24,3,15,7,11
050,11,001,District of Columbia,District of Columbia,3,15,15552,6715,8837,2546,2566,3950,5888,25,36,134,221,0,3,60,123,2581,2644,3996,5981,61,107,149,243,3,11,6432,8381,2346,2225,3892,5806,14,30,130,220,0,1,50,99,2373,2283,3933,5885,41,87,144,239,3,9,283,456,200,341,58,82,11,6,4,1,0,2,10,24,208,361,63,96,20,20,5,4,0,2
050,11,001,District of Columbia,District of Columbia,3,16,11820,4797,7023,1764,1755,2883,5025,15,25,96,148,1,0,38,70,1792,1796,2910,5082,36,69,104,164,3,3,4638,6743,1641,1533,2854,4976,12,22,95,148,1,0,35,64,1666,1572,2880,5028,33,62,103,162,1,3,159,280,123,222,29,49,3,3,1,0,0,0,3,6,126,224,30,54,3,7,1,2,2,0
050,11,001,District of Columbia,District of Columbia,3,17,9686,3531,6155,1276,1609,2144,4373,7,13,67,91,1,0,36,69,1298,1644,2174,4432,26,54,72,104,3,3,3414,5921,1195,1438,2114,4319,5,10,67,90,1,0,32,64,1215,1468,2141,4374,22,48,71,102,3,3,117,234,81,171,30,54,2,3,0,1,0,0,4,5,83,176,33,58,4,6,1,2,0,0
050,11,001,District of Columbia,District of Columbia,3,18,10417,3135,7282,1307,2270,1729,4801,7,22,61,115,0,0,31,74,1322,2316,1749,4858,24,62,70,129,6,8,3054,7098,1244,2122,1715,4771,7,21,61,115,0,0,27,69,1255,2164,1735,4826,23,58,67,128,5,8,81,184,63,148,14,30,0,1,0,0,0,0,4,5,67,152,14,32,1,4,3,1,1,0
050,11,001,District of Columbia,District of Columbia,4,0,620472,293577,326895,131898,131876,143015,171073,1731,1660,9635,13430,454,395,6844,8461,137123,138326,147105,176325,3963,4414,12359,16844,840,806,262704,297882,108777,110444,138383,166476,629,718,9272,13045,125,132,5518,7067,112909,115729,141615,170834,2236,2813,11714,16116,425,468,30873,29013,23121,21432,4632,4597,1102,942,363,385,329,263,1326,1394,24214,22597,5490,5491,1727,1601,645,728,415,338
050,11,001,District of Columbia,District of Columbia,4,1,36220,18525,17695,6316,5986,10578,10115,103,112,488,469,46,49,994,964,7153,6810,11121,10659,287,298,995,952,71,77,15676,14975,4514,4258,9949,9543,31,26,390,366,5,11,787,771,5184,4917,10364,9967,130,143,838,779,22,33,2849,2720,1802,1728,629,572,72,86,98,103,41,38,207,193,1969,1893,757,692,157,155,157,173,49,44
050,11,001,District of Columbia,District of Columbia,4,2,26719,13394,13325,3887,3786,8575,8611,98,105,233,263,37,24,564,536,4335,4216,8974,8962,222,237,454,478,50,43,11617,11550,2677,2532,8230,8298,21,25,216,250,3,4,470,441,3042,2876,8558,8588,105,118,420,443,16,18,1777,1775,1210,1254,345,313,77,80,17,13,34,20,94,95,1293,1340,416,374,117,119,34,35,34,25
050,11,001,District of Columbia,District of Columbia,4,3,24781,12562,12219,2779,2705,9162,8796,72,73,174,243,29,17,346,385,3045,2997,9418,9075,162,187,291,386,43,24,11113,10832,1774,1735,8870,8544,15,27,167,228,4,4,283,294,1984,1945,9070,8763,85,99,279,344,15,8,1449,1387,1005,970,292,252,57,46,7,15,25,13,63,91,1061,1052,348,312,77,88,12,42,28,16
050,11,001,District of Columbia,District of Columbia,4,4,39310,18656,20654,6148,6894,11346,12282,91,103,543,744,29,19,499,612,6540,7351,11658,12688,214,287,764,1017,72,47,16812,18808,4816,5571,11008,11938,28,47,522,722,7,9,431,521,5152,5960,11281,12281,129,189,722,975,40,29,1844,1846,1332,1323,338,344,63,56,21,22,22,10,68,91,1388,1391,377,407,85,98,42,42,32,18
050,11,001,District of Columbia,District of Columbia,4,5,61277,27666,33611,13755,16858,11830,13695,204,153,1164,1855,41,36,672,1014,14279,17674,12197,14264,395,404,1492,2345,92,79,24540,30788,11392,14741,11394,13277,58,70,1129,1808,22,20,545,872,11808,15444,11684,13745,189,250,1426,2271,60,54,3126,2823,2363,2117,436,418,146,83,35,47,19,16,127,142,2471,2230,513,519,206,154,66,74,32,25
050,11,001,District of Columbia,District of Columbia,4,6,74399,34191,40208,21419,24052,9956,12306,230,176,1666,2461,67,48,853,1165,22122,25044,10373,12877,475,468,2043,3017,120,98,30096,36447,18203,21101,9528,11853,66,66,1620,2422,17,16,662,989,18749,21941,9816,12324,218,272,1964,2936,58,58,4095,3761,3216,2951,428,453,164,110,46,39,50,32,191,176,3373,3103,557,553,257,196,79,81,62,40
050,11,001,District of Columbia,District of Columbia,4,7,60789,29295,31494,17638,16968,9207,11182,205,183,1477,2151,52,46,716,964,18237,17755,9564,11680,422,428,1787,2611,86,107,25393,28193,14575,14467,8741,10726,62,63,1444,2117,12,15,559,805,15041,15111,8999,11132,198,235,1722,2540,36,70,3902,3301,3063,2501,466,456,143,120,33,34,40,31,157,159,3196,2644,565,548,224,193,65,71,50,37
050,11,001,District of Columbia,District of Columbia,4,8,44210,21994,22216,12051,10361,8081,9762,139,122,1151,1358,40,28,532,585,12455,10806,8392,10109,332,306,1343,1601,82,65,19003,19680,9672,8402,7743,9443,37,34,1128,1329,11,7,412,465,9975,8749,7976,9717,167,154,1301,1537,46,32,2991,2536,2379,1959,338,319,102,88,23,29,29,21,120,120,2480,2057,416,392,165,152,42,64,36,33
050,11,001,District of Columbia,District of Columbia,4,9,39568,20104,19464,9984,7717,8899,10293,108,107,687,868,36,30,390,449,10268,8050,9120,10605,261,281,822,998,69,62,17653,17576,8059,6288,8575,10026,34,42,669,846,12,10,304,364,8271,6551,8746,10277,146,177,789,963,35,33,2451,1888,1925,1429,324,267,74,65,18,22,24,20,86,85,1997,1499,374,328,115,104,33,35,34,29
050,11,001,District of Columbia,District of Columbia,4,10,38708,19623,19085,8153,6125,10496,11826,133,118,492,609,28,25,321,382,8365,6356,10713,12106,302,320,579,713,44,50,17700,17417,6683,4857,10230,11568,58,56,470,596,9,9,250,331,6841,5050,10401,11817,186,224,542,691,22,33,1923,1668,1470,1268,266,258,75,62,22,13,19,16,71,51,1524,1306,312,289,116,96,37,22,22,17
050,11,001,District of Columbia,District of Columbia,4,11,37710,18638,19072,6755,5486,11097,12624,96,94,383,510,15,23,292,335,6943,5698,11300,12867,250,252,460,614,31,49,17156,17732,5624,4485,10878,12397,51,51,362,502,5,8,236,289,5769,4662,11046,12608,174,182,426,593,17,33,1482,1340,1131,1001,219,227,45,43,21,8,10,15,56,46,1174,1036,254,259,76,70,34,21,14,16
050,11,001,District of Columbia,District of Columbia,4,12,35302,16538,18764,6009,5854,9899,11989,81,97,314,523,10,17,225,284,6122,6015,10062,12216,205,258,372,586,28,31,15485,17587,5224,4994,9700,11784,51,57,307,508,6,6,197,238,5317,5119,9849,11980,161,192,354,561,24,15,1053,1177,785,860,199,205,30,40,7,15,4,11,28,46,805,896,213,236,44,66,18,25,4,16
050,11,001,District of Columbia,District of Columbia,4,13,31577,14283,17294,5840,6094,7881,10369,65,68,323,465,11,9,163,289,5924,6265,8002,10592,166,230,360,528,19,26,13512,16368,5229,5421,7768,10199,44,38,317,458,6,3,148,249,5306,5560,7878,10393,137,186,351,511,12,19,771,926,611,673,113,170,21,30,6,7,5,6,15,40,618,705,124,199,29,44,9,17,7,7
050,11,001,District of Columbia,District of Columbia,4,14,22079,9797,12282,4220,4519,5233,7234,47,48,176,297,10,19,111,165,4288,4618,5315,7370,114,161,196,324,18,25,9315,11611,3879,4026,5135,7115,34,30,173,284,3,8,91,148,3931,4111,5202,7239,89,133,190,308,9,13,482,671,341,493,98,119,13,18,3,13,7,11,20,17,357,507,113,131,25,28,6,16,9,12
050,11,001,District of Columbia,District of Columbia,4,15,15843,6864,8979,2668,2757,3966,5837,30,35,131,230,1,5,68,115,2708,2835,4017,5924,71,100,148,248,5,10,6574,8502,2469,2406,3901,5750,17,28,128,226,1,2,58,90,2500,2462,3948,5821,49,81,144,243,5,7,290,477,199,351,65,87,13,7,3,4,0,3,10,25,208,373,69,103,22,19,4,5,0,3
050,11,001,District of Columbia,District of Columbia,4,16,11859,4762,7097,1736,1794,2872,5026,18,31,103,173,1,0,32,73,1760,1834,2896,5087,37,81,109,188,1,3,4596,6815,1606,1572,2847,4977,13,27,100,173,1,0,29,66,1627,1610,2869,5032,31,71,106,186,1,3,166,282,130,222,25,49,5,4,3,0,0,0,3,7,133,224,27,55,6,10,3,2,0,0
050,11,001,District of Columbia,District of Columbia,4,17,9500,3504,5996,1261,1606,2133,4217,7,14,69,92,1,0,33,67,1284,1640,2158,4276,26,52,73,105,2,2,3381,5744,1174,1423,2103,4156,6,12,69,91,1,0,28,62,1194,1452,2124,4211,22,48,73,103,2,2,123,252,87,183,30,61,1,2,0,1,0,0,5,5,90,188,34,65,4,4,0,2,0,0
050,11,001,District of Columbia,District of Columbia,4,18,10621,3181,7440,1279,2314,1804,4909,4,21,61,119,0,0,33,77,1295,2362,1825,4968,22,64,71,133,7,8,3082,7257,1207,2165,1783,4882,3,19,61,119,0,0,28,72,1218,2209,1804,4939,20,59,67,132,5,8,99,183,72,149,21,27,1,2,0,0,0,0,5,5,77,153,21,29,2,5,4,1,2,0
050,11,001,District of Columbia,District of Columbia,5,0,635342,300634,334708,136746,136685,144275,172872,1755,1726,10199,14134,488,430,7171,8861,142270,143487,148556,178365,4024,4548,13072,17727,881,842,268278,303918,112441,113913,139519,168050,665,763,9735,13657,130,135,5788,7400,116813,119492,142906,172604,2292,2902,12312,16889,445,473,32356,30790,24305,22772,4756,4822,1090,963,464,477,358,295,1383,1461,25457,23995,5650,5761,1732,1646,760,838,436,369
050,11,001,District of Columbia,District of Columbia,5,1,38804,19723,19081,6756,6522,11056,10668,102,120,609,590,72,77,1128,1104,7711,7463,11673,11285,312,331,1181,1153,102,110,16496,15967,4781,4585,10379,10055,40,31,429,398,9,13,858,885,5514,5341,10827,10536,141,162,925,878,29,40,3227,3114,1975,1937,677,613,62,89,180,192,63,64,270,219,2197,2122,846,749,171,169,256,275,73,70
050,11,001,District of Columbia,District of Columbia,5,2,28177,14146,14031,4208,4174,8894,8846,106,102,274,283,39,21,625,605,4704,4663,9339,9241,240,251,520,525,53,41,12236,12087,2912,2808,8516,8507,18,24,256,265,3,4,531,479,3325,3181,8888,8822,112,122,486,478,17,19,1910,1944,1296,1366,378,339,88,78,18,18,36,17,94,126,1379,1482,451,419,128,129,34,47,36,22
050,11,001,District of Columbia,District of Columbia,5,3,24993,12596,12397,2975,2908,8959,8751,81,77,184,258,31,19,366,384,3260,3202,9227,9033,173,189,309,401,47,26,11084,10877,1917,1827,8674,8483,18,23,176,246,4,4,295,294,2140,2041,8879,8700,88,93,296,363,16,8,1512,1520,1058,1081,285,268,63,54,8,12,27,15,71,90,1120,1161,348,333,85,96,13,38,31,18
050,11,001,District of Columbia,District of Columbia,5,4,38804,18376,20428,6256,7024,10921,11927,88,98,582,741,29,20,500,618,6655,7486,11237,12339,209,277,803,1016,71,50,16509,18586,4913,5673,10556,11606,30,43,561,716,8,11,441,537,5264,6076,10838,11961,132,186,764,974,43,32,1867,1842,1343,1351,365,321,58,55,21,25,21,9,59,81,1391,1410,399,378,77,91,39,42,28,18
050,11,001,District of Columbia,District of Columbia,5,5,59789,27236,32553,12899,15747,12386,13982,183,148,1114,1691,42,29,612,956,13372,16517,12729,14522,351,382,1416,2147,85,69,24252,29669,10619,13521,11950,13576,65,80,1082,1655,18,15,518,822,11012,14184,12235,14022,189,249,1360,2086,52,47,2984,2884,2280,2226,436,406,118,68,32,36,24,14,94,134,2360,2333,494,500,162,133,56,61,33,22
050,11,001,District of Columbia,District of Columbia,5,6,76866,35211,41655,21964,24807,10346,12774,228,182,1685,2643,61,41,927,1208,22729,25842,10795,13367,487,473,2101,3223,121,89,31099,37778,18705,21761,9917,12281,78,80,1647,2594,19,17,733,1045,19311,22652,10233,12784,242,289,2030,3137,67,59,4112,3877,3259,3046,429,493,150,102,38,49,42,24,194,163,3418,3190,562,583,245,184,71,86,54,30
050,11,001,District of Columbia,District of Columbia,5,7,65185,31359,33826,19285,18548,9441,11677,204,211,1623,2323,52,60,754,1007,19914,19376,9819,12194,427,465,1951,2804,86,121,27187,30241,15939,15857,9000,11155,65,73,1579,2296,13,20,591,840,16429,16534,9276,11577,206,251,1873,2738,39,74,4172,3585,3346,2691,441,522,139,138,44,27,39,40,163,167,3485,2842,543,617,221,214,78,66,47,47
050,11,001,District of Columbia,District of Columbia,5,8,45868,22717,23151,12734,11059,8044,9755,148,129,1197,1520,37,29,557,659,13164,11561,8373,10145,345,330,1395,1798,79,65,19559,20490,10232,9001,7675,9429,41,39,1168,1488,12,6,431,527,10555,9399,7922,9739,172,168,1346,1728,47,30,3158,2661,2502,2058,369,326,107,90,29,32,25,23,126,132,2609,2162,451,406,173,162,49,70,32,35
050,11,001,District of Columbia,District of Columbia,5,9,40766,20599,20167,10407,8241,8827,10351,124,113,800,945,39,30,402,487,10705,8601,9051,10691,280,296,942,1090,73,66,18027,18152,8360,6692,8523,10075,35,51,782,925,10,9,317,400,8586,6980,8698,10351,148,194,909,1058,35,34,2572,2015,2047,1549,304,276,89,62,18,20,29,21,85,87,2119,1621,353,340,132,102,33,32,38,32
050,11,001,District of Columbia,District of Columbia,5,10,38565,19525,19040,8524,6401,9987,11457,124,121,531,653,30,26,329,382,8743,6640,10207,11738,291,315,622,754,46,48,17485,17326,6941,5118,9720,11185,53,53,505,639,9,9,257,322,7104,5311,9895,11427,179,212,579,732,22,30,2040,1714,1583,1283,267,272,71,68,26,14,21,17,72,60,1639,1329,312,311,112,103,43,22,24,18
050,11,001,District of Columbia,District of Columbia,5,11,37962,18802,19160,7065,5690,10950,12498,106,98,378,504,16,21,287,349,7254,5914,11147,12753,255,258,453,612,31,46,17210,17682,5854,4594,10723,12240,50,48,353,495,5,6,225,299,5994,4780,10881,12457,166,181,413,589,16,30,1592,1478,1211,1096,227,258,56,50,25,9,11,15,62,50,1260,1134,266,296,89,77,40,23,15,16
050,11,001,District of Columbia,District of Columbia,5,12,36084,16973,19111,6125,5837,10176,12322,92,99,340,547,11,20,229,286,6243,6003,10338,12551,217,260,400,609,30,31,15831,17898,5271,4943,9966,12116,57,59,333,531,6,7,198,242,5366,5073,10116,12315,166,195,381,585,25,14,1142,1213,854,894,210,206,35,40,7,16,5,13,31,44,877,930,222,236,51,65,19,24,5,17
050,11,001,District of Columbia,District of Columbia,5,13,31717,14286,17431,5784,6011,7956,10561,49,67,321,481,9,11,167,300,5869,6192,8076,10786,150,236,363,549,18,28,13458,16427,5130,5284,7828,10376,31,36,314,473,4,3,151,255,5206,5429,7938,10572,124,189,352,526,11,20,828,1004,654,727,128,185,18,31,7,8,5,8,16,45,663,763,138,214,26,47,11,23,7,8
050,11,001,District of Columbia,District of Columbia,5,14,23355,10375,12980,4498,4909,5508,7508,50,54,192,308,13,18,114,183,4570,5018,5592,7661,120,174,209,341,19,24,9858,12278,4121,4386,5414,7393,37,33,187,295,6,8,93,163,4174,4479,5484,7531,95,145,202,322,12,13,517,702,377,523,94,115,13,21,5,13,7,10,21,20,396,539,108,130,25,29,7,19,7,11
050,11,001,District of Columbia,District of Columbia,5,15,16373,7145,9228,2880,2974,4009,5847,40,42,133,243,5,7,78,115,2926,3048,4069,5932,85,113,152,264,10,14,6838,8738,2675,2617,3938,5754,24,33,131,239,2,3,68,92,2712,2671,3994,5827,61,89,149,258,6,10,307,490,205,357,71,93,16,9,2,4,3,4,10,23,214,377,75,105,24,24,3,6,4,4
050,11,001,District of Columbia,District of Columbia,5,16,11894,4799,7095,1788,1876,2855,4933,16,25,108,182,1,1,31,78,1813,1921,2877,5000,34,77,113,194,1,3,4614,6795,1654,1642,2818,4883,11,22,104,181,1,0,26,67,1674,1682,2837,4939,27,66,109,192,1,2,185,300,134,234,37,50,5,3,4,1,0,1,5,11,139,239,40,61,7,11,4,2,0,1
050,11,001,District of Columbia,District of Columbia,5,17,9284,3450,5834,1270,1584,2073,4066,9,17,65,103,1,0,32,64,1294,1619,2099,4121,25,55,69,114,2,3,3330,5585,1174,1396,2055,4012,8,14,65,102,1,0,27,61,1193,1428,2077,4065,23,51,69,113,2,3,120,249,96,188,18,54,1,3,0,1,0,0,5,3,101,191,22,56,2,4,0,1,0,0
050,11,001,District of Columbia,District of Columbia,5,18,10856,3316,7540,1328,2373,1887,4949,5,23,63,119,0,0,33,76,1344,2421,1908,5006,23,66,73,133,7,8,3205,7342,1243,2208,1867,4924,4,21,63,119,0,0,28,70,1254,2251,1888,4979,21,60,69,132,5,8,111,198,85,165,20,25,1,2,0,0,0,0,5,6,90,170,20,27,2,6,4,1,2,0
050,11,001,District of Columbia,District of Columbia,6,0,649540,307892,341648,141102,140207,146185,174980,1882,1845,10706,14839,515,444,7502,9333,146905,147411,150676,180776,4203,4758,13721,18629,925,882,273974,309357,115669,116396,141221,169927,685,789,10202,14329,151,135,6046,7781,120257,122295,144769,174720,2341,2991,12908,17734,480,496,33918,32291,25433,23811,4964,5053,1197,1056,504,510,364,309,1456,1552,26648,25116,5907,6056,1862,1767,813,895,445,386
050,11,001,District of Columbia,District of Columbia,6,1,40888,20835,20053,7178,6927,11471,10994,174,198,686,639,86,88,1240,1207,8232,7958,12153,11667,405,433,1308,1249,118,126,17289,16681,5054,4891,10751,10338,46,39,485,423,10,13,943,977,5859,5729,11244,10868,162,187,1024,950,30,44,3546,3372,2124,2036,720,656,128,159,201,216,76,75,297,230,2373,2229,909,799,243,246,284,299,88,82
050,11,001,District of Columbia,District of Columbia,6,2,30023,15130,14893,4567,4568,9460,9237,105,115,300,300,36,25,662,648,5095,5093,9932,9666,243,274,558,557,52,47,13028,12788,3141,3102,9035,8875,20,27,280,277,4,5,548,502,3570,3498,9419,9207,112,127,517,499,20,20,2102,2105,1426,1466,425,362,85,88,20,23,32,20,114,146,1525,1595,513,459,131,147,41,58,32,27
050,11,001,District of Columbia,District of Columbia,6,3,25293,12632,12661,3167,3157,8747,8690,92,70,179,293,28,20,419,431,3489,3485,9056,9004,198,192,326,456,45,29,11067,11005,2083,1956,8451,8411,18,20,171,278,5,4,339,336,2335,2199,8688,8658,98,99,313,413,18,9,1565,1656,1084,1201,296,279,74,50,8,15,23,16,80,95,1154,1286,368,346,100,93,13,43,27,20
050,11,001,District of Columbia,District of Columbia,6,4,37926,17922,20004,6230,7078,10510,11429,76,99,588,744,30,19,488,635,6626,7561,10815,11851,191,281,804,1023,71,49,16087,18171,4917,5718,10144,11134,28,45,569,723,8,9,421,542,5255,6127,10410,11492,121,187,767,984,42,31,1835,1833,1313,1360,366,295,48,54,19,21,22,10,67,93,1371,1434,405,359,70,94,37,39,29,18
050,11,001,District of Columbia,District of Columbia,6,5,59180,27359,31821,12372,14570,12930,14414,182,156,1123,1723,48,28,704,930,12922,15321,13320,14944,372,375,1465,2169,98,69,24409,29010,10114,12437,12508,13966,71,83,1091,1690,27,16,598,818,10575,13096,12835,14418,213,250,1410,2111,66,49,2950,2811,2258,2133,422,448,111,73,32,33,21,12,106,112,2347,2225,485,526,159,125,55,58,32,20
050,11,001,District of Columbia,District of Columbia,6,6,78100,35710,42390,22065,25149,10794,13136,247,190,1693,2632,53,34,858,1249,22772,26224,11206,13757,477,480,2089,3228,110,85,31486,38373,18732,21950,10318,12662,69,83,1651,2586,19,17,697,1075,19308,22872,10624,13182,217,292,2019,3143,66,61,4224,4017,3333,3199,476,474,178,107,42,46,34,17,161,174,3464,3352,582,575,260,188,70,85,44,24
050,11,001,District of Columbia,District of Columbia,6,7,69273,33262,36011,20708,19913,9739,12261,219,200,1713,2497,59,55,824,1085,21398,20803,10153,12819,462,466,2067,3022,101,119,28856,32111,17165,16965,9301,11703,75,70,1665,2467,16,15,634,891,17693,17682,9596,12148,223,252,1981,2944,44,71,4406,3900,3543,2948,438,558,144,130,48,30,43,40,190,194,3705,3121,557,671,239,214,86,78,57,48
050,11,001,District of Columbia,District of Columbia,6,8,48225,23894,24331,13564,11871,8293,9959,161,126,1284,1621,41,37,551,717,13991,12428,8619,10385,343,334,1487,1922,83,72,20611,21556,10964,9725,7891,9601,53,44,1249,1593,11,10,443,583,11299,10172,8145,9943,183,182,1434,1858,47,37,3283,2775,2600,2146,402,358,108,82,35,28,30,27,108,134,2692,2256,474,442,160,152,53,64,36,35
050,11,001,District of Columbia,District of Columbia,6,9,41752,20964,20788,10693,8551,8784,10497,133,127,896,1044,39,26,419,543,11007,8960,9022,10875,289,330,1044,1208,73,61,18254,18671,8527,6940,8477,10206,31,56,876,1018,13,6,330,445,8765,7266,8664,10515,145,212,1007,1166,38,32,2710,2117,2166,1611,307,291,102,71,20,26,26,20,89,98,2242,1694,358,360,144,118,37,42,35,29
050,11,001,District of Columbia,District of Columbia,6,10,38233,19252,18981,8810,6611,9391,11132,106,122,564,698,33,29,348,389,9044,6857,9629,11415,278,317,654,807,52,52,17102,17232,7102,5299,9133,10864,43,52,541,685,10,11,273,321,7277,5494,9322,11103,173,206,618,781,27,32,2150,1749,1708,1312,258,268,63,70,23,13,23,18,75,68,1767,1363,307,312,105,111,36,26,25,20
050,11,001,District of Columbia,District of Columbia,6,11,38608,19274,19334,7336,5771,11116,12548,106,109,411,538,19,20,286,348,7525,5995,11313,12800,250,266,490,647,35,47,17559,17776,6035,4638,10859,12253,53,55,389,527,6,4,217,299,6169,4827,11014,12468,160,185,451,624,19,30,1715,1558,1301,1133,257,295,53,54,22,11,13,16,69,49,1356,1168,299,332,90,81,39,23,16,17
050,11,001,District of Columbia,District of Columbia,6,12,36669,17344,19325,6269,5870,10374,12477,95,97,353,568,14,23,239,290,6391,6038,10550,12715,226,255,414,631,32,37,16101,18023,5348,4893,10143,12263,56,60,341,552,9,10,204,245,5448,5027,10298,12469,170,195,387,605,27,18,1243,1302,921,977,231,214,39,37,12,16,5,13,35,45,943,1011,252,246,56,60,27,26,5,19
050,11,001,District of Columbia,District of Columbia,6,13,32059,14623,17436,5914,5827,8136,10700,69,73,321,520,8,12,175,304,6005,6010,8261,10928,176,241,364,590,17,30,13746,16412,5227,5103,8005,10504,41,35,311,509,4,3,158,258,5308,5246,8119,10703,136,187,351,566,12,21,877,1024,687,724,131,196,28,38,10,11,4,9,17,46,697,764,142,225,40,54,13,24,5,9
050,11,001,District of Columbia,District of Columbia,6,14,24173,10676,13497,4541,5049,5759,7833,39,60,214,337,14,16,109,202,4610,5167,5839,8001,108,196,231,370,19,23,10133,12773,4129,4510,5672,7711,29,36,208,328,5,7,90,181,4180,4611,5740,7865,86,161,223,358,10,12,543,724,412,539,87,122,10,24,6,9,9,9,19,21,430,556,99,136,22,35,8,12,9,11
050,11,001,District of Columbia,District of Columbia,6,15,16939,7318,9621,3102,3301,3948,5879,41,42,137,261,3,11,87,127,3152,3384,4013,5975,94,118,158,282,7,19,6987,9097,2875,2917,3875,5784,24,33,135,253,2,5,76,105,2916,2981,3937,5867,67,96,155,273,6,13,331,524,227,384,73,95,17,9,2,8,1,6,11,22,236,403,76,108,27,22,3,9,1,6
050,11,001,District of Columbia,District of Columbia,6,16,12081,4934,7147,1926,2012,2848,4831,18,24,107,190,3,1,32,89,1951,2065,2869,4901,38,82,111,209,3,5,4724,6794,1777,1750,2807,4763,12,20,103,187,1,0,24,74,1794,1795,2824,4820,29,66,106,204,1,4,210,353,149,262,41,68,6,4,4,3,2,1,8,15,157,270,45,81,9,16,5,5,2,1
050,11,001,District of Columbia,District of Columbia,6,17,9179,3421,5758,1311,1578,1997,3994,13,15,73,110,1,0,26,61,1329,1608,2016,4047,27,53,77,119,2,4,3300,5514,1214,1388,1980,3947,11,12,73,109,1,0,21,58,1229,1415,1997,3997,22,49,75,117,2,4,121,244,97,190,17,47,2,3,0,1,0,0,5,3,100,193,19,50,5,4,2,2,0,0
050,11,001,District of Columbia,District of Columbia,6,18,10939,3342,7597,1349,2404,1888,4969,6,22,64,124,0,0,35,78,1366,2454,1910,5026,26,65,74,140,7,8,3235,7370,1265,2214,1871,4942,5,19,64,124,0,0,30,71,1277,2258,1893,4997,24,58,70,138,5,8,107,227,84,190,17,27,1,3,0,0,0,0,5,7,89,196,17,29,2,7,4,2,2,0
050,11,001,District of Columbia,District of Columbia,7,0,659836,312938,346898,144547,143545,146952,175917,1926,1829,11229,15436,534,486,7750,9685,150577,151040,151605,181944,4278,4780,14355,19381,949,949,277925,313265,118193,118599,141818,170693,696,759,10774,14930,168,161,6276,8123,122983,124783,145512,175722,2375,2993,13588,18489,502,538,35013,33633,26354,24946,5134,5224,1230,1070,455,506,366,325,1474,1562,27594,26257,6093,6222,1903,1787,767,892,447,411
050,11,001,District of Columbia,District of Columbia,7,1,42609,21708,20901,7788,7518,11613,11138,166,202,746,701,93,85,1302,1257,8893,8594,12327,11834,403,436,1406,1345,132,121,18006,17334,5503,5308,10843,10428,51,44,594,507,11,13,1004,1034,6358,6194,11369,10991,175,199,1167,1064,36,43,3702,3567,2285,2210,770,710,115,158,152,194,82,72,298,223,2535,2400,958,843,228,237,239,281,96,78
050,11,001,District of Columbia,District of Columbia,7,2,31229,15632,15597,4766,4875,9670,9488,114,122,320,324,29,30,733,758,5358,5490,10193,9988,270,291,602,627,46,58,13392,13343,3218,3305,9252,9091,20,27,300,299,5,6,597,615,3689,3792,9671,9495,118,143,559,574,22,25,2240,2254,1548,1570,418,397,94,95,20,25,24,24,136,143,1669,1698,522,493,152,148,43,53,24,33
050,11,001,District of Columbia,District of Columbia,7,3,25923,12969,12954,3452,3407,8734,8665,98,79,207,301,33,24,445,478,3802,3775,9054,9008,204,207,369,489,48,33,11309,11260,2324,2161,8397,8399,21,19,194,290,4,8,369,383,2606,2442,8651,8677,104,104,349,448,16,13,1660,1694,1128,1246,337,266,77,60,13,11,29,16,76,95,1196,1333,403,331,100,103,20,41,32,20
050,11,001,District of Columbia,District of Columbia,7,4,37484,17713,19771,6363,7215,10136,11038,79,94,611,759,33,23,491,642,6761,7707,10445,11466,188,272,830,1043,73,52,15813,17868,4982,5806,9777,10731,20,39,597,734,9,11,428,547,5328,6224,10050,11092,110,177,795,999,42,32,1900,1903,1381,1409,359,307,59,55,14,25,24,12,63,95,1433,1483,395,374,78,95,35,44,31,20
050,11,001,District of Columbia,District of Columbia,7,5,58766,27342,31424,12308,14315,12972,14264,167,146,1133,1708,46,28,716,963,12870,15092,13373,14812,356,377,1486,2164,92,69,24566,28604,10214,12113,12526,13867,73,81,1105,1670,27,15,621,858,10694,12805,12869,14343,219,259,1435,2109,66,48,2776,2820,2094,2202,446,397,94,65,28,38,19,13,95,105,2176,2287,504,469,137,118,51,55,26,21
050,11,001,District of Columbia,District of Columbia,7,6,78150,35698,42452,21490,24586,11335,13775,268,183,1739,2667,61,43,805,1198,22153,25614,11728,14379,489,466,2102,3230,116,92,31492,38329,18177,21341,10881,13263,75,67,1682,2620,29,26,648,1012,18711,22209,11170,13761,217,259,2016,3140,74,67,4206,4123,3313,3245,454,512,193,116,57,47,32,17,157,186,3442,3405,558,618,272,207,86,90,42,25
050,11,001,District of Columbia,District of Columbia,7,7,72092,34534,37558,21616,21011,9961,12589,211,160,1805,2608,64,55,877,1135,22353,21946,10399,13174,454,431,2197,3159,104,123,30006,33455,17926,17845,9521,12008,68,58,1759,2575,19,14,713,955,18524,18619,9853,12488,230,248,2118,3084,49,73,4528,4103,3690,3166,440,581,143,102,46,33,45,41,164,180,3829,3327,546,686,224,183,79,75,55,50
050,11,001,District of Columbia,District of Columbia,7,8,50849,25114,25735,14384,12765,8569,10338,174,134,1358,1713,37,52,592,733,14844,13332,8928,10778,378,349,1562,2017,80,96,21636,22815,11630,10514,8154,9958,57,50,1330,1685,8,19,457,589,11976,10966,8421,10308,190,190,1517,1947,45,50,3478,2920,2754,2251,415,380,117,84,28,28,29,33,135,144,2868,2366,507,470,188,159,45,70,35,46
050,11,001,District of Columbia,District of Columbia,7,9,41903,20965,20938,10882,8749,8482,10280,132,127,989,1199,42,25,438,558,11212,9171,8731,10672,292,327,1145,1370,81,62,18179,18703,8667,7040,8159,9983,30,54,964,1171,15,6,344,449,8914,7372,8355,10294,142,205,1105,1324,44,32,2786,2235,2215,1709,323,297,102,73,25,28,27,19,94,109,2298,1799,376,378,150,122,40,46,37,30
050,11,001,District of Columbia,District of Columbia,7,10,37795,19031,18764,8962,6782,9002,10672,119,117,587,747,26,29,335,417,9192,7053,9227,10974,285,316,678,865,40,55,16816,17029,7189,5494,8737,10404,49,43,574,731,10,11,257,346,7355,5707,8914,10662,171,201,649,839,21,35,2215,1735,1773,1288,265,268,70,74,13,16,16,18,78,71,1837,1346,313,312,114,115,29,26,19,20
050,11,001,District of Columbia,District of Columbia,7,11,39109,19569,19540,7772,6019,10940,12446,105,117,442,572,22,25,288,361,7967,6253,11137,12704,247,275,517,691,37,54,17747,17862,6357,4802,10687,12122,52,56,424,562,6,5,221,315,6500,5003,10842,12349,161,188,483,666,17,33,1822,1678,1415,1217,253,324,53,61,18,10,16,20,67,46,1467,1250,295,355,86,87,34,25,20,21
050,11,001,District of Columbia,District of Columbia,7,12,36760,17576,19184,6380,5750,10463,12474,98,96,370,552,17,21,248,291,6511,5922,10640,12707,225,253,438,613,37,35,16210,17866,5385,4747,10200,12266,53,60,352,538,10,10,210,245,5486,4883,10357,12467,163,191,408,591,30,19,1366,1318,995,1003,263,208,45,36,18,14,7,11,38,46,1025,1039,283,240,62,62,30,22,7,16
050,11,001,District of Columbia,District of Columbia,7,13,32404,14770,17634,5797,5783,8405,10944,70,72,302,521,7,17,189,297,5892,5962,8541,11167,179,236,351,589,20,36,13868,16545,5088,5014,8269,10737,42,34,296,505,5,5,168,250,5173,5155,8389,10930,142,179,340,560,15,23,902,1089,709,769,136,207,28,38,6,16,2,12,21,47,719,807,152,237,37,57,11,29,5,13
050,11,001,District of Columbia,District of Columbia,7,14,25293,11135,14158,4711,5229,6015,8250,40,68,239,376,16,13,114,222,4779,5361,6100,8432,113,210,258,417,22,21,10522,13372,4248,4648,5917,8113,28,40,228,370,6,5,95,196,4301,4759,5987,8276,87,170,246,405,11,12,613,786,463,581,98,137,12,28,11,6,10,8,19,26,478,602,113,156,26,40,12,12,11,9
050,11,001,District of Columbia,District of Columbia,7,15,17246,7388,9858,3224,3506,3895,5895,42,40,137,261,4,14,86,142,3278,3596,3961,6001,101,127,151,286,7,24,7041,9327,2981,3107,3825,5810,26,30,135,250,2,7,72,123,3022,3180,3885,5908,71,104,149,274,5,17,347,531,243,399,70,85,16,10,2,11,2,7,14,19,256,416,76,93,30,23,2,12,2,7
050,11,001,District of Columbia,District of Columbia,7,16,12184,5035,7149,2000,2110,2868,4732,22,29,105,177,3,2,37,99,2031,2171,2892,4812,44,88,109,199,4,7,4807,6750,1846,1809,2819,4663,13,23,101,174,1,0,27,81,1867,1860,2839,4728,31,71,104,191,1,5,228,399,154,301,49,69,9,6,4,3,2,2,10,18,164,311,53,84,13,17,5,8,3,2
050,11,001,District of Columbia,District of Columbia,7,17,8982,3345,5637,1273,1518,1965,3931,14,18,74,117,0,0,19,53,1285,1544,1980,3978,25,50,77,126,1,2,3219,5420,1176,1348,1941,3889,12,15,74,117,0,0,16,51,1186,1372,1955,3934,21,46,76,126,1,2,126,217,97,170,24,42,2,3,0,0,0,0,3,2,99,172,25,44,4,4,1,0,0,0
050,11,001,District of Columbia,District of Columbia,7,18,11058,3414,7644,1379,2407,1927,4998,7,25,65,133,1,0,35,81,1396,2457,1949,5058,25,69,77,151,9,9,3296,7383,1282,2197,1913,4961,6,19,65,132,1,0,29,74,1293,2241,1935,5019,23,59,72,148,7,9,118,261,97,210,14,37,1,6,0,1,0,0,6,7,103,216,14,39,2,10,5,3,2,0
050,11,001,District of Columbia,District of Columbia,8,0,672228,318601,353627,148392,147900,147727,176967,1930,1820,11920,16378,566,497,8066,10065,154713,155742,152553,183269,4309,4832,15210,20491,992,960,282567,318533,121181,121800,142439,171486,723,749,11493,15886,183,176,6548,8436,126229,128281,146280,176719,2408,3014,14460,19590,525,551,36034,35094,27211,26100,5288,5481,1207,1071,427,492,383,321,1518,1629,28484,27461,6273,6550,1901,1818,750,901,467,409
050,11,001,District of Columbia,District of Columbia,8,1,43352,22026,21326,8344,8142,11313,10821,163,202,772,757,94,80,1340,1324,9484,9283,12040,11562,409,442,1457,1434,131,117,18313,17758,5920,5787,10600,10178,48,46,685,612,12,13,1048,1122,6817,6755,11148,10795,176,213,1286,1214,36,44,3713,3568,2424,2355,713,643,115,156,87,145,82,67,292,202,2667,2528,892,767,233,229,171,220,95,73
050,11,001,District of Columbia,District of Columbia,8,2,32875,16582,16293,5168,5095,10038,9862,124,112,411,373,30,34,811,817,5827,5762,10614,10406,295,306,722,703,50,61,14104,13807,3507,3457,9550,9357,35,23,363,322,5,8,644,640,4015,3962,9997,9780,142,148,644,608,25,28,2478,2486,1661,1638,488,505,89,89,48,51,25,26,167,177,1812,1800,617,626,153,158,78,95,25,33
050,11,001,District of Columbia,District of Columbia,8,3,26410,13113,13297,3660,3682,8592,8684,90,92,226,288,37,27,508,524,4058,4084,8958,9066,204,229,413,490,58,37,11438,11513,2524,2375,8259,8406,17,21,212,279,4,9,422,423,2845,2686,8548,8713,106,112,393,454,21,15,1675,1784,1136,1307,333,278,73,71,14,9,33,18,86,101,1213,1398,410,353,98,117,20,36,37,22
050,11,001,District of Columbia,District of Columbia,8,4,37124,17573,19551,6417,7301,9907,10711,93,81,619,778,34,25,503,655,6827,7801,10225,11147,203,259,843,1068,74,57,15639,17617,5001,5864,9558,10400,25,35,606,750,12,11,437,557,5354,6288,9836,10767,117,172,809,1020,45,33,1934,1934,1416,1437,349,311,68,46,13,28,22,14,66,98,1473,1513,389,380,86,87,34,48,29,24
050,11,001,District of Columbia,District of Columbia,8,5,59997,27376,32621,12561,15307,12654,14226,147,144,1229,1845,49,29,736,1070,13143,16179,13072,14842,339,398,1581,2342,97,74,24498,29544,10343,12904,12225,13814,61,78,1196,1805,24,18,649,925,10850,13661,12590,14327,211,263,1531,2276,64,55,2878,3077,2218,2403,429,412,86,66,33,40,25,11,87,145,2293,2518,482,515,128,135,50,66,33,19
050,11,001,District of Columbia,District of Columbia,8,6,78205,36146,42059,21029,23413,12171,14254,233,196,1824,2959,64,41,825,1196,21716,24446,12583,14860,442,463,2199,3527,116,86,32085,37913,17811,20108,11698,13741,88,91,1790,2900,34,28,664,1045,18370,21007,11996,14263,221,286,2138,3432,76,68,4061,4146,3218,3305,473,513,145,105,34,59,30,13,161,151,3346,3439,587,597,221,177,61,95,40,18
050,11,001,District of Columbia,District of Columbia,8,7,74130,35291,38839,22172,22089,10036,12839,234,158,1877,2575,66,60,906,1118,22936,23015,10481,13412,475,421,2295,3122,106,124,30753,34594,18520,18820,9569,12214,74,62,1809,2546,24,18,757,934,19158,19581,9920,12681,239,243,2193,3048,55,74,4538,4245,3652,3269,467,625,160,96,68,29,42,42,149,184,3778,3434,561,731,236,178,102,74,51,50
050,11,001,District of Columbia,District of Columbia,8,8,54239,26783,27456,15439,13785,9037,10730,167,135,1458,1933,46,46,636,827,15932,14430,9416,11236,388,375,1683,2269,94,94,23119,24400,12547,11483,8590,10284,51,51,1428,1907,12,16,491,659,12920,11994,8875,10683,190,205,1631,2193,53,48,3664,3056,2892,2302,447,446,116,84,30,26,34,30,145,168,3012,2436,541,553,198,170,52,76,41,46
050,11,001,District of Columbia,District of Columbia,8,9,41710,20855,20855,10933,8945,8223,9950,155,122,1061,1275,40,25,443,538,11268,9354,8475,10329,311,309,1221,1439,78,61,17959,18475,8638,7104,7881,9646,45,39,1041,1247,11,8,343,431,8887,7424,8075,9945,153,176,1183,1394,39,34,2896,2380,2295,1841,342,304,110,83,20,28,29,17,100,107,2381,1930,400,384,158,133,38,45,39,27
050,11,001,District of Columbia,District of Columbia,8,10,38488,19281,19207,9288,7211,8871,10612,109,120,638,815,29,32,346,417,9529,7483,9104,10911,268,315,738,937,45,61,16965,17434,7430,5893,8604,10344,42,48,621,797,10,12,258,340,7600,6106,8779,10594,155,199,702,905,22,36,2316,1773,1858,1318,267,268,67,72,17,18,19,20,88,77,1929,1377,325,317,113,116,36,32,23,25
050,11,001,District of Columbia,District of Columbia,8,11,39005,19573,19432,8066,6163,10596,12159,119,108,472,598,27,29,293,375,8262,6413,10797,12432,263,268,549,718,42,57,17678,17684,6601,4895,10320,11819,55,47,457,587,10,9,235,327,6752,5107,10484,12055,171,182,520,693,21,36,1895,1748,1465,1268,276,340,64,61,15,11,17,20,58,48,1510,1306,313,377,92,86,29,25,21,21
050,11,001,District of Columbia,District of Columbia,8,12,36789,17788,19001,6567,5732,10486,12305,96,96,387,539,16,20,236,309,6700,5918,10645,12555,218,256,454,609,34,36,16314,17588,5471,4672,10226,12068,56,52,364,528,8,8,189,260,5566,4820,10364,12282,151,186,416,588,26,18,1474,1413,1096,1060,260,237,40,44,23,11,8,12,47,49,1134,1098,281,273,67,70,38,21,8,18
050,11,001,District of Columbia,District of Columbia,8,13,32900,14967,17933,5688,5702,8708,11330,67,81,310,525,10,19,184,276,5784,5870,8840,11534,176,231,357,590,20,35,14004,16791,4959,4868,8536,11126,40,43,302,513,7,6,160,235,5041,5001,8652,11305,135,177,344,567,15,22,963,1142,729,834,172,204,27,38,8,12,3,13,24,41,743,869,188,229,41,54,13,23,5,13
050,11,001,District of Columbia,District of Columbia,8,14,26404,11576,14828,4846,5334,6300,8771,46,54,257,420,11,9,116,240,4915,5477,6385,8971,119,211,278,464,17,17,10931,13998,4339,4726,6206,8623,30,25,247,412,5,3,104,209,4397,4844,6284,8800,95,168,267,450,11,9,645,830,507,608,94,148,16,29,10,8,6,6,12,31,518,633,101,171,24,43,11,14,6,8
050,11,001,District of Columbia,District of Columbia,8,15,17733,7565,10168,3371,3753,3923,5961,46,37,130,260,9,18,86,139,3425,3843,3984,6066,104,122,147,285,14,26,7198,9598,3117,3338,3850,5858,30,24,128,247,3,8,70,123,3157,3416,3907,5955,74,97,144,270,7,16,367,570,254,415,73,103,16,13,2,13,6,10,16,16,268,427,77,111,30,25,3,15,7,10
050,11,001,District of Columbia,District of Columbia,8,16,12478,5146,7332,2109,2292,2870,4713,23,38,100,180,2,3,42,106,2143,2350,2896,4797,47,106,108,207,4,6,4879,6900,1927,1955,2811,4655,12,30,96,177,0,1,33,82,1952,2007,2834,4722,33,82,103,194,0,4,267,432,182,337,59,58,11,8,4,3,2,2,9,24,191,343,62,75,14,24,5,13,4,2
050,11,001,District of Columbia,District of Columbia,8,17,8942,3371,5571,1286,1494,1982,3889,9,19,75,118,1,0,18,51,1297,1522,1996,3932,20,50,78,129,2,2,3242,5350,1190,1324,1955,3845,7,16,74,118,1,0,15,47,1201,1348,1968,3885,15,45,75,128,2,2,129,221,96,170,27,44,2,3,1,0,0,0,3,4,96,174,28,47,5,5,3,1,0,0
050,11,001,District of Columbia,District of Columbia,8,18,11447,3589,7858,1448,2460,2020,5150,9,25,74,140,1,0,37,83,1467,2512,2042,5211,28,71,87,158,10,9,3448,7569,1336,2227,2001,5108,7,18,74,139,1,0,29,77,1347,2274,2023,5167,24,60,81,156,7,9,141,289,112,233,19,42,2,7,0,1,0,0,8,6,120,238,19,44,4,11,6,2,3,0
